{
  "identifier": "enconvo.blog",
  "versions": [
    {
      "version": "0.0.9",
      "desc": "feat: 1. optimize",
      "url": "https://github.com/ysnows/enconvo.casual-chat/releases/download/v0.0.9/enconvo.casual-chat.enconvoplugin",
      "minAppVersion": "1.1.8"
    },
    {
      "version": "0.0.8",
      "desc": "feat: 1. optimize",
      "url": "https://github.com/ysnows/enconvo.casual-chat/releases/download/v0.0.8/enconvo.casual-chat.enconvoplugin",
      "minAppVersion": "1.1.8"
    },
    {
      "version": "0.0.7",
      "desc": "feat: 1. 0.0.7",
      "url": "https://github.com/ysnows/enconvo.casual-chat/releases/download/v0.0.7/enconvo.casual-chat.enconvoplugin",
      "minAppVersion": "1.1.8"
    },
    {
      "version": "0.0.5",
      "desc": "Merge remote-tracking branch 'origin/main'",
      "url": "https://github.com/ysnows/enconvo.casual-chat/releases/download/v0.0.5/enconvo.casual-chat.enconvoplugin",
      "minAppVersion": "1.1.8"
    },
    {
      "version": "0.0.4",
      "desc": "feat: 1. 优化",
      "url": "https://github.com/ysnows/enconvo.casual-chat/releases/download/v0.0.4/enconvo.casual-chat.enconvoplugin",
      "minAppVersion": "1.1.8"
    }
  ]
}